域,模块,业务对象,操作数,apiinfo_id
员工服务,人人报销,费用申请单,15,1535443352191383552
员工服务,人人报销,出差申请单,15,1535443352208160768
员工服务,人人报销,费用移转单,11,1535443352208160769
员工服务,人人报销,费用报销单,12,1535443352208160770
员工服务,人人报销,差旅费报销单,12,1535443352208160771
员工服务,人人报销,历史借款余额,11,1535443352208160772
员工服务,人人报销,借款转移单,11,1535443352208160773
员工服务,人人报销,事由申请单,11,1535443352208160774
财务会计,总账,科目,12,1535443352208160777
财务会计,总账,账簿,12,1535443352208160778
财务会计,总账,币别,12,1535443352208160781
财务会计,总账,费用项目,15,1535443352208160782
财务会计,总账,汇率,12,1535443352208160783
财务会计,总账,结算方式,12,1535443352208160784
财务会计,总账,凭证字,12,1535443352208160785
财务会计,总账,总账账龄分析表,1,1535443352208160787
财务会计,总账,现金流量项目,11,1535443352208160789
财务会计,总账,现金流量引入,2,1535443352224937988
财务会计,总账,科目余额表,1,1535443352224937992
财务会计,总账,核算维度余额表,1,1535443352224937993
财务会计,总账,多账簿调汇历史信息表,1,1535443352224937994
财务会计,总账,现金流量表,1,1535443352224937995
财务会计,总账,现金流量查询,1,1535443352224937996
财务会计,总账,日报表,1,1535443352224937997
财务会计,总账,总分类账,1,1535443352224937998
财务会计,总账,多账簿核算维度明细表,1,1535443352224937999
财务会计,总账,多账簿现金流量表,1,1535443352224938000
财务会计,总账,多账簿日报表,1,1535443352224938001
财务会计,总账,数量金额总账,1,1535443352224938002
财务会计,总账,调汇历史信息表,1,1535443352224938003
财务会计,总账,摘要汇总表,1,1535443352224938004
财务会计,总账,试算平衡表,1,1535443352224938005
财务会计,总账,凭证,10,1535443352224938008
财务会计,总账,自定义API,6,1146606755440744448
财务会计,智能会计平台,凭证生成情况查询,1,1535443352241715211
财务会计,智能会计平台,业务凭证,5,1535443352241715212
财务会计,智能会计平台,凭证生成,4,1535443352241715213
财务会计,智能会计平台,单据合并方案,12,1535443352241715214
财务会计,智能会计平台,分录类型,11,1535443352241715215
财务会计,智能会计平台,凭证模板,8,1535443352241715216
财务会计,智能会计平台,凭证自动生成方案,8,1535443352241715219
财务会计,智能会计平台,自动对账方案,14,1535443352241715220
财务会计,智能会计平台,业务报表对账结果查询,1,1535443352241715222
财务会计,智能会计平台,业务报表对账方案,8,1535443352258492416
财务会计,智能会计平台,业务单据对账结果查询,1,1535443352258492417
财务会计,智能会计平台,业务单据对账方案,5,1535443352258492418
财务会计,智能会计平台,业务单据对账,1,1535443352258492420
财务会计,智能会计平台,凭证模板查询,1,1535443352258492422
财务会计,应收款管理,应收期末调汇单,5,1535443352258492426
财务会计,应收款管理,应收调汇单,5,1535443352258492427
财务会计,应收款管理,应收款账龄分析表,1,1535443352258492428
财务会计,应收款管理,坏账准备计提单,10,1535443352258492429
财务会计,应收款管理,计提坏账准备,1,1535443352258492430
财务会计,应收款管理,坏账损失单,2,1535443352258492431
财务会计,应收款管理,坏账收回单,2,1535443352258492432
财务会计,应收款管理,应收开票核销方案,12,1535443352258492433
财务会计,应收款管理,应收开票定时核销方案,12,1535443352258492434
财务会计,应收款管理,往来对账明细表,1,1535443352258492435
财务会计,应收款管理,内部应收清理单,2,1535443352258492436
财务会计,应收款管理,应收未开票明细表,1,1535443352258492437
财务会计,应收款管理,应收核销单,2,1535443352258492438
财务会计,应收款管理,应收收款核销方案,12,1535443352275269632
财务会计,应收款管理,到期债权表,1,1535443352275269633
财务会计,应收款管理,其他应收单,11,1535443352275269634
财务会计,应收款管理,已出库未应收明细表,1,1535443352275269635
财务会计,应收款管理,应收款明细表,1,1535443352275269636
财务会计,应收款管理,应收单,13,1535443352275269637
财务会计,应收款管理,应收单开票核销明细表,1,1535443352275269638
财务会计,应收款管理,应收款汇总表,1,1535443352275269639
财务会计,应收款管理,应收收款定时核销方案,12,1535443352275269640
财务会计,应收款管理,应收单跟踪表,1,1535443352275269641
财务会计,应付款管理,应付期末调汇单,5,1535443352275269643
财务会计,应付款管理,应付调汇单,5,1535443352275269644
财务会计,应付款管理,应付款账龄分析表,1,1535443352275269645
财务会计,应付款管理,应付开票核销方案,12,1535443352275269647
财务会计,应付款管理,应付开票定时核销方案,12,1535443352275269648
财务会计,应付款管理,往来对账明细表,1,1535443352275269649
财务会计,应付款管理,内部应付清理单,2,1535443352275269650
财务会计,应付款管理,应付未开票明细表,1,1535443352275269651
财务会计,应付款管理,价格维护表,10,1535443352275269652
财务会计,应付款管理,应付核销单,2,1535443352275269653
财务会计,应付款管理,应付付款核销方案,12,1535443352275269654
财务会计,应付款管理,到期债务表,1,1535443352275269655
财务会计,应付款管理,其他应付单,11,1535443352275269656
财务会计,应付款管理,应付单,11,1535443352292046848
财务会计,应付款管理,应付单开票核销明细表,1,1535443352292046849
财务会计,应付款管理,应付款明细表,1,1535443352292046850
财务会计,应付款管理,应付款汇总表,1,1535443352292046851
财务会计,应付款管理,应付付款定时核销方案,12,1535443352292046852
财务会计,应付款管理,应付单跟踪表,1,1535443352292046853
财务会计,出纳管理,付款单,15,1535443352292046855
财务会计,出纳管理,付款退款单,12,1535443352292046856
财务会计,出纳管理,收款单,12,1535443352292046857
财务会计,出纳管理,收款退款单,13,1535443352292046858
财务会计,出纳管理,银行账户变更单,13,1535443352292046859
财务会计,出纳管理,余额调节表,1,1535443352292046860
财务会计,出纳管理,银行存款期初,10,1535443352292046861
财务会计,出纳管理,银行对账单,11,1535443352292046862
财务会计,出纳管理,银行存款日报表,1,1535443352292046863
财务会计,出纳管理,银行存款流水账,1,1535443352292046864
财务会计,出纳管理,银行存款日记账,1,1535443352292046865
财务会计,出纳管理,银行对账导入方案,12,1535443352292046866
财务会计,出纳管理,银行转账单,13,1535443352292046867
财务会计,出纳管理,应付票据,15,1535443352292046868
财务会计,出纳管理,应付票据结算单,8,1535443352292046869
财务会计,出纳管理,应收票据,13,1535443352292046870
财务会计,出纳管理,应收票据执行明细,1,1535443352292046871
财务会计,出纳管理,应收票据使用流水,1,1535443352292046872
财务会计,出纳管理,应收票据结算单,8,1535443352308824064
财务会计,出纳管理,应收票据收发存明细表,1,1535443352308824065
财务会计,出纳管理,银行存款勾对记录,4,1535443352308824066
财务会计,出纳管理,银行账户销户单,13,1535443352308824067
财务会计,出纳管理,现金存取单,12,1535443352308824068
财务会计,出纳管理,现金期初,10,1535443352308824069
财务会计,出纳管理,现金日报表,1,1535443352308824071
财务会计,出纳管理,现金流水账,1,1535443352308824072
财务会计,出纳管理,现金购汇单,12,1535443352308824073
财务会计,出纳管理,现金日记账,1,1535443352308824074
财务会计,出纳管理,现金转账单,12,1535443352308824075
财务会计,出纳管理,支票管理,13,1535443352308824076
财务会计,出纳管理,支票购置,14,1535443352308824077
财务会计,出纳管理,贴现申请单,12,1535443352308824078
财务会计,出纳管理,出纳期末对账,1,1535443352308824079
财务会计,出纳管理,资金头寸表,1,1535443352308824080
财务会计,出纳管理,资金调拨还款统计表,1,1535443352308824081
财务会计,出纳管理,内部账户调整单,13,1535443352308824082
财务会计,出纳管理,内部账户账龄分析表,1,1535443352308824083
财务会计,出纳管理,收付内部账户期初,10,1535443352308824084
财务会计,出纳管理,银行存款智能对账报告,5,1535443352308824085
财务会计,出纳管理,手工日记账,12,1535443352308824086
财务会计,出纳管理,开户申请单,13,1535443352325601280
财务会计,出纳管理,付款申请单,15,1535443352325601281
财务会计,出纳管理,应付票据余额明细表,1,1535443352325601282
财务会计,出纳管理,支付信息变更单,10,1535443352325601283
财务会计,出纳管理,电子回单匹配依据设置,9,1535443352325601285
财务会计,出纳管理,应收票据余额表,1,1535443352325601286
财务会计,出纳管理,收付款用途,12,1535443352325601287
财务会计,出纳管理,资金调拨单,12,1535443352325601289
财务会计,资金管理,自动上划设置,12,1535443352325601291
财务会计,资金管理,基准利率,14,1535443352325601292
财务会计,资金管理,借款利息单,11,1535443352325601293
财务会计,资金管理,信贷单,12,1535443352325601294
财务会计,资金管理,资金请款单,12,1535443352325601295
财务会计,资金管理,资金下拨单,11,1535443352325601296
财务会计,资金管理,资金上划单,12,1535443352325601297
财务会计,资金管理,资金内部账户期初,10,1535443352325601298
财务会计,资金管理,内部利息单,10,1535443352325601299
财务会计,资金管理,计息对象,12,1535443352325601300
财务会计,资金管理,内部利息统计表,1,1535443352325601301
财务会计,资金管理,联动支付单,13,1535443352325601302
财务会计,资金管理,付款结算单,15,1535443352342378496
财务会计,资金管理,结息方案,14,1535443352342378497
财务会计,资金管理,收款结算单,12,1535443352342378498
财务会计,网上银行,代理行账号,12,1535443352342378500
财务会计,网上银行,电子回单补打申请单,10,1535443352342378501
财务会计,网上银行,电子票据自动签收设置,14,1535443352342378502
财务会计,网上银行,银行账户余额查询,1,1535443352342378503
财务会计,网上银行,银行网点,12,1535443352342378504
财务会计,网上银行,银企互联设置,7,1535443352342378505
财务会计,网上银行,银行付款单,11,1535443352342378506
财务会计,网上银行,人民币交易种类,12,1535443352342378507
财务会计,网上银行,银行账户交易明细查询,1,1535443352342378508
财务会计,网上银行,电子票据贴现单,10,1535443352342378509
财务会计,网上银行,电子对账单,12,1535443352342378510
财务会计,网上银行,电子票据背书单,12,1535443352342378511
财务会计,网上银行,电子票据开票单,16,1535443352342378512
财务会计,网上银行,接收银行交易明细单据,9,1535443352342378513
财务会计,网上银行,电子回单,11,1535443352342378514
财务会计,网上银行,电子回单模板设置,10,1535443352342378516
财务会计,网上银行,智能登账设置,12,1535443352342378517
财务会计,网上银行,电子票据签收单,13,1535443352342378518
财务会计,费用管理,集成平台设置,8,1535443352342378520
财务会计,费用管理,借款账龄分析表,1,1535443352359155714
财务会计,费用管理,地区信息,7,1535443352359155715
财务会计,费用管理,地区信息类型,5,1535443352359155716
财务会计,费用管理,费用报销单据类型图标设置,12,1535443352359155717
财务会计,费用管理,借款到期预警分析,1,1535443352359155718
财务会计,费用管理,费用明细表,1,1535443352359155719
财务会计,费用管理,费用汇总表,1,1535443352359155720
财务会计,费用管理,住宿补助标准,14,1535443352359155721
财务会计,费用管理,发票与费用项目对应设置,14,1535443352359155722
财务会计,费用管理,发票类型映射,12,1535443352359155723
财务会计,费用管理,发票合并生成明细规则,14,1535443352359155727
财务会计,费用管理,报销与付款汇总分析表,1,1535443352359155728
财务会计,费用管理,报销级别,14,1535443352359155729
财务会计,费用管理,员工报销级别设置,14,1535443352359155730
财务会计,费用管理,费用报销跟踪表,1,1535443352359155731
财务会计,费用管理,借款跟踪表,1,1535443352359155732
财务会计,费用管理,出差地域,14,1535443352359155733
财务会计,费用管理,差旅费类型,12,1535443352359155734
财务会计,报表,报表项目,6,1535443352359155746
财务会计,报表,自定义API,1,1148309625735215104
税务管理,发票管理,引出方案设置,12,1535443352392710167
税务管理,发票管理,智能收票设置,12,1535443352392710168
税务管理,发票管理,金税开票单,10,1535443352392710169
税务管理,发票管理,金税连接设置,10,1535443352392710170
税务管理,发票管理,税收分类编码,12,1535443352392710171
税务管理,发票管理,进项发票明细表,1,1535443352392710172
税务管理,发票管理,匹配应付执行记录,1,1535443352392710173
税务管理,发票管理,物料对应表,10,1535443352392710174
税务管理,发票管理,采购发票账龄分析表,1,1535443352392710175
税务管理,发票管理,采购增值税专用发票,11,1535443352392710176
税务管理,发票管理,采购普通发票,11,1535443352392710177
税务管理,发票管理,进项费用普通发票,10,1535443352392710178
税务管理,发票管理,进项费用增值税发票,11,1535443352392710179
税务管理,发票管理,收票单,10,1535443352392710180
税务管理,发票管理,红字专票信息表,10,1535443352392710181
税务管理,发票管理,销项费用普通发票,12,1535443352392710182
税务管理,发票管理,销项费用增值税发票,12,1535443352392710183
税务管理,发票管理,销售发票账龄分析表,1,1535443352409487360
税务管理,发票管理,销售增值税专用发票,12,1535443352409487361
税务管理,发票管理,销售普通发票,12,1535443352409487362
税务管理,发票管理,销项发票明细表,1,1535443352409487363
税务管理,发票管理,自定义API,1,965879113365231616
税务管理,纳税申报,连接配置,6,1535443352409487365
成本管理,存货核算,核算范围设置,11,1535443352409487368
成本管理,存货核算,成本调整单,11,1535443352409487369
成本管理,存货核算,零成本批量维护,7,1535443352409487370
成本管理,存货核算,合同履约成本分配结果,2,1535443352409487371
成本管理,存货核算,成本价趋势分析表,1,1535443352409487372
成本管理,存货核算,成本预警设置,11,1535443352409487373
成本管理,存货核算,异常余额汇总表,1,1535443352409487374
成本管理,存货核算,钩稽日志查询,1,1535443352409487375
成本管理,存货核算,核算单据成本对比分析表,1,1535443352409487376
成本管理,存货核算,核算单据查询,1,1535443352409487377
成本管理,存货核算,即时成本对比分析表,1,1535443352409487378
成本管理,存货核算,存货核算汇总报告,1,1535443352409487379
成本管理,存货核算,初始核算数据录入,4,1535443352409487380
成本管理,存货核算,期末库存维度余额调整,1,1535443352409487381
成本管理,存货核算,期初库存维度余额调整,1,1535443352409487382
成本管理,存货核算,存货收发存汇总表（按日期）,1,1535443352409487383
成本管理,存货核算,存货收发存汇总表,1,1535443352409487384
成本管理,存货核算,入库钩稽明细表,1,1535443352409487385
成本管理,存货核算,入库成本维护（多单据）,1,1535443352409487386
成本管理,存货核算,入库钩稽汇总表,1,1535443352409487387
成本管理,存货核算,跨组织交易费用分配结果,2,1535443352409487388
成本管理,存货核算,物料成本库,1,1535443352409487389
成本管理,存货核算,物料目标成本单,9,1535443352409487390
成本管理,存货核算,存货收发存明细表（跨维度）,1,1535443352409487392
成本管理,存货核算,杂项出入库明细表,1,1535443352409487393
成本管理,存货核算,委外发料明细表,1,1535443352409487394
成本管理,存货核算,出库成本维护,1,1535443352409487395
成本管理,存货核算,生产发料明细表,1,1535443352426264576
成本管理,存货核算,存货跌价准备计提单,6,1535443352426264577
成本管理,存货核算,存货跌价准备计提规则设置,8,1535443352426264578
成本管理,存货核算,采购明细表,1,1535443352426264579
成本管理,存货核算,退料残值率设置,2,1535443352426264580
成本管理,存货核算,销售明细表,1,1535443352426264581
成本管理,存货核算,定时核算,2,1535443352426264582
成本管理,存货核算,存货业务分类汇总表,1,1535443352426264583
成本管理,存货核算,套件子项权重维护,7,1535443352426264584
成本管理,存货核算,即时收发汇总表,1,1535443352426264585
成本管理,存货核算,分步式调出未调入明细表,1,1535443352426264586
成本管理,存货核算,物料计价方法,11,1535443352426264587
成本管理,存货核算,物料计价方法变更,7,1535443352426264588
成本管理,产品成本核算,自定义费用分配标准值维护,5,1535443352426264590
成本管理,产品成本核算,副产品定额成本维护,5,1535443352426264591
成本管理,产品成本核算,完工入库数量查询,1,1535443352426264595
成本管理,产品成本核算,共耗材料分配范围设置,10,1535443352426264596
成本管理,产品成本核算,费用分配标准,10,1535443352426264597
成本管理,产品成本核算,成本计算单,1,1535443352426264598
成本管理,产品成本核算,成本计算单(横向展示),1,1535443352426264599
成本管理,产品成本核算,成本中心,10,1535443352426264600
成本管理,产品成本核算,约当系数维护,5,1535443352426264602
成本管理,产品成本核算,费用归集,4,1535443352426264603
成本管理,产品成本核算,费用引入方案,10,1535443352426264604
成本管理,产品成本核算,期初在产品成本调整,7,1535443352426264607
成本管理,产品成本核算,作业数量维护,4,1535443352426264608
成本管理,产品成本核算,材料费用分配明细表,1,1535443352426264609
成本管理,产品成本核算,材料成本项目设置,5,1535443352426264610
成本管理,产品成本核算,材料耗用成本查询,1,1535443352426264611
成本管理,产品成本核算,作业数量维护方案,9,1535443352426264612
成本管理,产品成本核算,费用分配明细表,1,1535443352426264613
成本管理,产品成本核算,销售订单成本跟踪表,1,1535443352426264614
成本管理,产品成本核算,委外加工费查询,1,1535443352426264615
成本管理,产品成本核算,产品组,10,1535443352443041792
成本管理,产品成本核算,在产品盘点数量录入,3,1535443352443041793
成本管理,产品成本核算,产品期间成本对比分析,1,1535443352443041794
成本管理,产品成本核算,产品成本还原对比分析,1,1535443352443041795
成本管理,产品成本核算,产品维度利润分析表,1,1535443352443041796
成本管理,产品成本核算,投入产出表,1,1535443352443041797
成本管理,产品成本核算,投入产量归集,4,1535443352443041798
成本管理,产品成本核算,定额因子,10,1535443352443041799
成本管理,产品成本核算,销售订单利润分析表,1,1535443352443041800
成本管理,产品成本核算,车间成本计算单,1,1535443352443041801
成本管理,产品成本核算,车间投入产出表,1,1535443352443041802
成本管理,产品成本核算,费用分配标准设置,5,1535443352443041803
成本管理,产品成本核算,完工入库成本查询,1,1535443352443041804
成本管理,产品成本核算,月末在制计算规则设置,10,1535443352443041806
成本管理,产品成本核算,在产品分配标准设置,1,1535443352443041807
成本管理,产品成本核算,作业活动,10,1535443352443041808
成本管理,产品成本核算,实际工时归集,4,1535443352443041809
成本管理,产品成本核算,成本项目匹配方案,2,1535443352443041810
成本管理,产品成本核算,成本项目,10,1535443352443041811
成本管理,标准成本分析,成本BOM设置,5,1535443352443041815
成本管理,标准成本分析,产品委外加工价目表,5,1535443352443041816
成本管理,标准成本分析,基础资料完整性展示,1,1535443352443041817
成本管理,标准成本分析,产品成本差异分析,1,1535443352443041818
成本管理,标准成本分析,产品标准成本查询,1,1535443352443041819
成本管理,标准成本分析,外购物料标准价目表,5,1535443352443041820
成本管理,标准成本分析,标准成本版本,10,1535443352443041821
成本管理,标准成本分析,标准工时维护,5,1535443352443041822
成本管理,标准成本分析,标准费率维护,5,1535443352443041823
资产管理,固定资产,折旧调整单,8,1535443352443041827
资产管理,固定资产,变动方式,16,1535443352443041828
资产管理,固定资产,资产到期提示表,1,1535443352443041829
资产管理,固定资产,资产实物清单,1,1535443352443041830
资产管理,固定资产,资产领用结存表,1,1535443352459819008
资产管理,固定资产,资产类别,16,1535443352459819009
资产管理,固定资产,资产价值清单,1,1535443352459819010
资产管理,固定资产,资产批量变更单,9,1535443352459819011
资产管理,固定资产,资产借用单,9,1535443352459819012
资产管理,固定资产,资产卡片,9,1535443352459819013
资产管理,固定资产,资产变更单,9,1535443352459819014
资产管理,固定资产,资产盘点表,9,1535443352459819015
资产管理,固定资产,盘盈盘亏单,9,1535443352459819016
资产管理,固定资产,字段自动携带设置,13,1535443352459819017
资产管理,固定资产,资产调出单,10,1535443352459819018
资产管理,固定资产,折旧费用分配表,1,1535443352459819019
资产管理,固定资产,折旧方法,14,1535443352459819020
资产管理,固定资产,折旧政策,14,1535443352459819021
资产管理,固定资产,资产处置单,10,1535443352459819022
资产管理,固定资产,盘点方案,9,1535443352459819023
资产管理,固定资产,变动过程记录表,1,1535443352459819024
资产管理,固定资产,资产领用单,10,1535443352459819025
资产管理,固定资产,资产位置,13,1535443352459819026
资产管理,固定资产,资产调入单,8,1535443352459819027
资产管理,固定资产,资产申请单,10,1535443352459819028
资产管理,固定资产,资产状态,11,1535443352459819029
资产管理,固定资产,工作量管理,9,1535443352459819030
资产管理,租赁资产,资产租入单,11,1535443352459819032
资产管理,租赁资产,租赁利息确认单,9,1535443352459819033
资产管理,租赁资产,租赁终止单,10,1535443352459819034
资产管理,租赁资产,摊余成本表,1,1535443352459819035
资产管理,人人资产管理,实物类别,13,1535443352459819037
资产管理,人人资产管理,实物类别批量指定,10,1535443352459819038
资产管理,人人资产管理,处置申请单,13,1535443352459819039
资产管理,人人资产管理,个人自盘表,3,1535443352459819040
资产管理,人人资产管理,资产领用单,10,1535443352476596224
资产管理,人人资产管理,资产退转单,10,1535443352476596225
管理会计,预算管理,分析查询方案,12,1535443352476596231
管理会计,预算管理,分析方案分配,12,1535443352476596232
管理会计,预算管理,预算调整单,12,1535443352476596234
管理会计,预算管理,预算日历,12,1535443352476596235
管理会计,预算管理,预算控制日志,3,1535443352476596236
管理会计,预算管理,预算控制台,12,1535443352476596237
管理会计,预算管理,预算控制规则,12,1535443352476596238
管理会计,预算管理,预算数据查询,1,1535443352476596239
管理会计,预算管理,预算组织架构,12,1535443352476596241
管理会计,预算管理,未来预算组织架构,11,1535443352476596242
管理会计,预算管理,预算调剂单,12,1535443352476596243
管理会计,预算管理,预算汇总表样式方案,8,1535443352476596245
管理会计,预算管理,预算业务类型,12,1535443352476596246
管理会计,预算管理,预算控制提示语,9,1535443352476596247
管理会计,预算管理,预算数据授权,8,1535443352476596248
管理会计,预算管理,预算执行明细表,1,1535443352476596251
管理会计,预算管理,预算执行分析,1,1535443352476596257
管理会计,预算管理,维度汇总预算执行分析,1,1535443352476596258
管理会计,预算管理,预算模板样式方案,8,1535443352493373440
管理会计,预算管理,预算方案,12,1535443352493373441
管理会计,预算管理,自定义API,1,1159620030361255936
管理会计,经营会计,经营科目,12,1535443352493373443
管理会计,经营会计,经营账簿,12,1535443352493373444
管理会计,经营会计,经营账户余额表,1,1535443352493373446
管理会计,经营会计,经营利润期间横向展示表,1,1535443352493373447
管理会计,经营会计,经营单元变更单,9,1535443352493373448
管理会计,经营会计,经营账户收支明细表,1,1535443352493373449
管理会计,经营会计,经营单元,9,1535443352493373450
管理会计,经营会计,经营利润横向展示表,1,1535443352493373451
管理会计,经营会计,经营单元投入时间,10,1535443352493373452
管理会计,经营会计,经营利润表,1,1535443352493373453
管理会计,经营会计,经营利润汇总表,1,1535443352493373454
管理会计,经营会计,经营资产负债余额表,1,1535443352493373455
管理会计,经营会计,组合经营科目,10,1535443352493373456
管理会计,经营会计,经营费用分配结果单,10,1535443352493373457
管理会计,经营会计,经营费用归集单,10,1535443352493373458
管理会计,经营会计,经营单元分摊标准,12,1535443352493373459
管理会计,经营会计,自定义分摊规则,12,1535443352493373460
管理会计,经营会计,经营费用分摊,1,1535443352493373461
管理会计,经营会计,经营费用分摊报告,2,1535443352493373462
管理会计,经营会计,经营费用分摊方案,12,1535443352493373463
管理会计,经营会计,经营单元内部结算单,12,1535443352493373464
管理会计,经营会计,多期间分摊方案,15,1535443352493373465
管理会计,经营会计,经营组织架构,3,1535443352493373466
管理会计,经营会计,经营计划单,10,1535443352493373467
管理会计,经营会计,经营单元结算折扣表,15,1535443352493373469
管理会计,经营会计,经营单元结算价目表,15,1535443352493373470
管理会计,经营会计,经营费用分摊明细表,1,1535443352493373471
管理会计,经营会计,引入总账科目方案设置,10,1535443352493373472
管理会计,经营会计,定时生成经营流水账,12,1535443352493373473
管理会计,经营会计,经营流水账,12,1535443352493373474
管理会计,经营会计,经营流水账生成情况汇总查询,1,1535443352493373475
管理会计,经营会计,经营流水账生成情况明细查询,1,1535443352493373476
管理会计,经营会计,引入业务单据方案设置,12,1535443352493373477
管理会计,经营会计分析,经营数据授权,12,1535443352510150656
管理会计,经营会计分析,经营报表维度,12,1535443352510150657
管理会计,经营会计分析,经营报表模板,12,1535443352510150658
管理会计,经营会计分析,经营报表查询,1,1535443352510150659
供应链,供应链基础管理,管易销售单据生成日志,2,1535443352510150662
供应链,供应链基础管理,管易接口调用日志,2,1535443352510150663
供应链,供应链基础管理,警示灯方案,9,1535443352510150664
供应链,采购管理,联系人,12,1535443352510150666
供应链,采购管理,采购条款,12,1535443352510150667
供应链,采购管理,采购折扣表,14,1535443352510150668
供应链,采购管理,采购评估指标,12,1535443352510150670
供应链,采购管理,采购评估方案,12,1535443352510150671
供应链,采购管理,货源清单,14,1535443352510150673
供应链,采购管理,采购合同,19,1535443352510150675
供应链,采购管理,采购合同变更单,18,1535443352510150676
供应链,采购管理,采购合同执行明细表,1,1535443352510150677
供应链,采购管理,采购追料交货报表,1,1535443352510150679
供应链,采购管理,期初采购退料单,16,1535443352510150680
供应链,采购管理,退料申请单,13,1535443352510150682
供应链,采购管理,采购退料单,17,1535443352510150683
供应链,采购管理,采购调价表,11,1535443352510150684
供应链,采购管理,采购计划方案,12,1535443352510150685
供应链,采购管理,采购订单变更单,11,1535443352510150686
供应链,采购管理,采购订单新变更单,13,1535443352510150687
供应链,采购管理,预计供应量查询,1,1535443352510150688
供应链,采购管理,采购价目表,17,1535443352510150689
供应链,采购管理,采购价目表分发方案,13,1535443352510150690
供应链,采购管理,采购订单,21,1535443352510150692
供应链,采购管理,采购订单执行明细表,1,1535443352510150693
供应链,采购管理,采购价格分析表,1,1535443352510150694
供应链,采购管理,采购业务汇总表,1,1535443352510150695
供应链,采购管理,采购申请执行明细表,1,1535443352510150696
供应链,采购管理,收料通知单,16,1535443352510150697
供应链,采购管理,收料待检库存查询,1,1535443352510150698
供应链,采购管理,采购申请单,19,1535443352526927874
供应链,采购管理,定时智能采购,12,1535443352526927875
供应链,采购管理,定时创建消耗汇总,12,1535443352526927876
供应链,采购管理,供应商到货及时率报表,1,1535443352526927877
供应链,采购管理,VMI物料消耗明细表,1,1535443352526927879
供应链,采购管理,VMI物料消耗结算明细表,1,1535443352526927881
供应链,采购管理,期初采购入库单,16,1535443352526927883
供应链,采购管理,采购入库单,16,1535443352526927884
供应链,销售管理,销售折扣表,16,1535443352526927887
供应链,销售管理,销售价目表,21,1535443352526927888
供应链,销售管理,销售条款,12,1535443352526927889
供应链,销售管理,管易同步数据分析表,1,1535443352526927890
供应链,销售管理,销售调价方案,11,1535443352526927891
供应链,销售管理,订单自动发货执行情况表,1,1535443352526927892
供应链,销售管理,自动发货方案设置,12,1535443352526927893
供应链,销售管理,可发量查询,2,1535443352526927894
供应链,销售管理,批量调价单,11,1535443352526927895
供应链,销售管理,销售订单执行汇总表,1,1535443352526927896
供应链,销售管理,寄售调拨退回(无源单)结算冲销方案,12,1535443352526927897
供应链,销售管理,寄售结算单,13,1535443352526927898
供应链,销售管理,寄售发货结算报表,1,1535443352526927899
供应链,销售管理,客户物料对应表,6,1535443352526927900
供应链,销售管理,客户仓库对应表,12,1535443352526927901
供应链,销售管理,发货通知单,19,1535443352526927902
供应链,销售管理,销售订单执行明细表,1,1535443352526927903
供应链,销售管理,预计可发量参数,3,1535443352526927904
供应链,销售管理,预计可发量查询报表,1,1535443352526927905
供应链,销售管理,销售快速下单,3,1535443352526927906
供应链,销售管理,期初销售出库单,13,1535443352526927907
供应链,销售管理,电子面单,6,1535443352526927908
供应链,销售管理,销售物流信息,3,1535443352543705088
供应链,销售管理,物料分组标准费率,12,1535443352543705089
供应链,销售管理,受托加工材料清单,10,1535443352543705090
供应链,销售管理,销售出库退货自动冲销方案,12,1535443352543705092
供应链,销售管理,销售出库单,16,1535443352543705093
供应链,销售管理,销售出库明细报表,1,1535443352543705094
供应链,销售管理,销售出库开票跟踪表,1,1535443352543705095
供应链,销售管理,销售出库汇总报表,1,1535443352543705096
供应链,销售管理,销售报价单,13,1535443352543705097
供应链,销售管理,退货通知单,15,1535443352543705098
供应链,销售管理,销售退货单,14,1535443352543705099
供应链,销售管理,寄售仓库余额表,1,1535443352543705100
供应链,销售管理,客户交易分析,1,1535443352543705101
供应链,销售管理,销售订单,22,1535443352543705102
供应链,销售管理,销售订单变更单,12,1535443352543705103
供应链,销售管理,销售价格分析表,1,1535443352543705104
供应链,销售管理,定时自动发货,12,1535443352543705105
供应链,销售管理,定时模拟报价,12,1535443352543705106
供应链,销售管理,模拟报价单,13,1535443352543705107
供应链,销售管理,销售订单新变更单查询,1,1535443352543705108
供应链,销售管理,标准费率维护,12,1535443352543705109
供应链,销售管理,寄售调拨退回冲销记录,1,1535443352543705110
供应链,销售管理,销售出库退货冲销记录,1,1535443352543705111
供应链,销售管理,销售订单新变更单,22,1535443352543705112
供应链,销售管理,销售报价变更单,12,1535443352543705113
供应链,销售管理,自定义API,2,1136785729055873024
供应链,信用管理,信用检查规则,10,1535443352543705115
供应链,信用管理,信用变更,8,1535443352543705116
供应链,信用管理,信用总额特批,12,1535443352543705117
供应链,信用管理,信用档案,13,1535443352543705118
供应链,信用管理,客户物料信用档案,13,1535443352543705119
供应链,信用管理,信用评估模型,12,1535443352543705120
供应链,信用管理,信用评估指标,9,1535443352560482304
供应链,信用管理,信用等级方案,8,1535443352560482305
供应链,信用管理,信用状况查询,1,1535443352560482307
供应链,信用管理,信用总额特批情况查询,1,1535443352560482308
供应链,信用管理,信用超标记录查询,1,1535443352560482309
供应链,信用管理,销售员客户信用档案,13,1535443352560482310
供应链,信用管理,销售组客户信用档案,13,1535443352560482311
供应链,信用管理,销售组客户临时信用档案,14,1535443352560482312
供应链,信用管理,信用评分表,7,1535443352560482313
供应链,信用管理,信用特批权限,12,1535443352560482314
供应链,信用管理,客户物料临时信用档案,14,1535443352560482315
供应链,信用管理,临时信用档案,14,1535443352560482316
供应链,信用管理,自定义API,3,1147971634441486336
供应链,库存管理,归档序列号,2,1535443352560482318
供应链,库存管理,批号主档,2,1535443352560482319
供应链,库存管理,批号/序列号属性,6,1535443352560482320
供应链,库存管理,批号/序列号编码规则,12,1535443352560482321
供应链,库存管理,生产追溯序列号主档,5,1535443352560482322
供应链,库存管理,序列号主档,8,1535443352560482323
供应链,库存管理,仓库,15,1535443352560482324
供应链,库存管理,仓库最大最小安全库存,5,1535443352560482325
供应链,库存管理,库存状态,15,1535443352560482326
供应链,库存管理,ABC分析,1,1535443352560482327
供应链,库存管理,组装拆卸单,13,1535443352560482328
供应链,库存管理,周期盘点计划,12,1535443352560482329
供应链,库存管理,物料周期盘点表,12,1535443352560482330
供应链,库存管理,即时库存,1,1535443352560482331
供应链,库存管理,初始库存,11,1535443352560482332
供应链,库存管理,库存同步,1,1535443352560482333
供应链,库存管理,库存锁库,2,1535443352560482334
供应链,库存管理,锁库日志,2,1535443352560482335
供应链,库存管理,批号调整单,13,1535443352560482336
供应链,库存管理,ABC分配组,12,1535443352560482337
供应链,库存管理,其他入库单,13,1535443352560482338
供应链,库存管理,其他出库单,13,1535443352560482339
供应链,库存管理,受托加工材料入库单,13,1535443352560482340
供应链,库存管理,受托加工材料退料单,13,1535443352560482341
供应链,库存管理,受托加工材料收料单,18,1535443352560482342
供应链,库存管理,出库申请单,18,1535443352560482343
供应链,库存管理,序列号串号查询,1,1535443352560482344
供应链,库存管理,形态转换单,13,1535443352577259520
供应链,库存管理,库存状态转换,13,1535443352577259521
供应链,库存管理,盘盈单,13,1535443352577259522
供应链,库存管理,物料盘点作业,15,1535443352577259523
供应链,库存管理,盘亏单,13,1535443352577259524
供应链,库存管理,盘点方案,10,1535443352577259525
供应链,库存管理,调拨申请单,18,1535443352577259526
供应链,库存管理,直接调拨单,13,1535443352577259527
供应链,库存管理,分步式调入单,13,1535443352577259528
供应链,库存管理,分步式调出单,13,1535443352577259529
供应链,库存管理,库存预警报表,1,1535443352577259530
供应链,库存管理,自定义API,3,965837088938956800
供应链,组织间结算,结算调价表,11,1535443352577259532
供应链,组织间结算,应付结算清单_物料,13,1535443352577259533
供应链,组织间结算,应付结算清单_费用,13,1535443352577259534
供应链,组织间结算,应付结算清单_资产,13,1535443352577259535
供应链,组织间结算,组织间结算对账明细表,1,1535443352577259536
供应链,组织间结算,应收结算清单_物料,14,1535443352577259537
供应链,组织间结算,应收结算清单_费用,13,1535443352577259538
供应链,组织间结算,应收结算清单_资产,13,1535443352577259539
供应链,组织间结算,获取组织间结算价目表自定义字段匹配设置,6,1535443352577259541
供应链,组织间结算,未生成内部交易单据跨组织业务查询,1,1535443352577259543
供应链,组织间结算,未生成结算清单跨组织业务查询,1,1535443352577259544
供应链,组织间结算,组织间结算价目表,20,1535443352577259545
供应链,组织间结算,定时结算,8,1535443352577259546
供应链,组织间结算,组织间结算分析报告,1,1535443352577259547
供应链,组织间结算,组织间结算关系,10,1535443352577259548
供应链,组织间结算,跨组织业务类型,12,1535443352577259549
供应链,条码管理,归档条码主档,1,1535443352577259553
供应链,条码管理,条码盘点清单,2,1535443352577259556
供应链,条码管理,条码主档,8,1535443352577259558
供应链,条码管理,辅助资料-条码模板对应关系表,6,1535443352594036738
供应链,条码管理,产品条码追溯报表,1,1535443352594036745
供应链,条码管理,原材料条码追溯报表,1,1535443352594036746
供应链,条码管理,防窜货查询记录表,2,1535443352594036747
供应链,条码管理,防伪查询记录表,2,1535443352594036748
供应链,条码管理,防伪防窜货配置,5,1535443352594036749
供应链,条码管理,防伪防窜组织对应,5,1535443352594036750
供应链,条码管理,归档条码拆装箱,1,1535443352594036751
供应链,条码管理,归档扫描记录,1,1535443352594036752
供应链,条码管理,资产报废单,9,1535443352594036754
供应链,条码管理,资产报备单,5,1535443352594036756
供应链,条码管理,辅助属性前缀设置,10,1535443352594036759
供应链,条码管理,条码扫描执行清单,3,1535443352594036763
供应链,条码管理,条码拆装箱,4,1535443352610813964
供应链,条码管理,配件装箱单,10,1535443352610813965
供应链,条码管理,PDA装箱设置,3,1535443352610813970
供应链,条码管理,拣货条码清单,2,1535443352610813971
供应链,条码管理,拣货单,2,1535443352610813973
供应链,条码管理,预装箱清单,10,1535443352610813975
供应链,条码管理,拣货安排清单,12,1535443352610813976
供应链,条码管理,扫描记录,5,1535443352610813981
供应链,条码管理,PDA条码主档打印配置,3,1535443352610813991
供应链,条码管理,工程项目装箱单,10,1535443352610813992
供应链,供应商管理,企业公告,10,1535443352627591168
供应链,供应商管理,比价单,11,1535443352627591169
供应链,供应商管理,询价单,13,1535443352627591170
供应链,供应商管理,报价单,13,1535443352627591171
供应链,供应商管理,供应商角色,7,1535443352627591172
供应链,供应商管理,供应商用户,4,1535443352627591173
供应链,供应商协同平台,供应商协同条码主档,3,1535443352627591175
供应链,供应商协同平台,供应商协同条码打印,5,1535443352627591176
供应链,供应商协同平台,供应商协同条码扫描,7,1535443352627591177
供应链,供应商协同平台,企业公告,2,1535443352627591178
供应链,供应商协同平台,采购合同,5,1535443352627591179
供应链,供应商协同平台,供应商采购追料交货报表,1,1535443352627591180
供应链,供应商协同平台,询价单,4,1535443352627591181
供应链,供应商协同平台,来料检验单,2,1535443352627591182
供应链,供应商协同平台,采购入库单,4,1535443352627591183
供应链,供应商协同平台,退料通知单,3,1535443352627591184
供应链,供应商协同平台,采购退料单,4,1535443352627591185
供应链,供应商协同平台,应付单,4,1535443352627591186
供应链,供应商协同平台,采购订单变更单,4,1535443352627591187
供应链,供应商协同平台,采购订单新变更单,5,1535443352627591188
供应链,供应商协同平台,采购订单,3,1535443352627591189
供应链,供应商协同平台,采购订单执行明细表,1,1535443352627591190
供应链,供应商协同平台,报价单,11,1535443352627591191
供应链,供应商协同平台,送货通知单,8,1535443352627591192
供应链,供应商协同平台,供应商协同即时库存查询,1,1535443352627591195
供应链,供应商协同平台,供应商交货及时率报表,1,1535443352627591196
供应链,供应商协同平台,供应商评估报告,1,1535443352627591197
供应链,供应商协同平台,供应商协同用户,9,1535443352627591199
供应链,供应商协同平台,供应商协同VMI消耗结算明细表,1,1535443352627591200
供应链,供应商协同平台,供应商协同VMI消耗汇总表,1,1535443352627591201
电商与分销,营销网络,营销网络,12,1535443352627591204
电商与分销,营销网络,配送网络,6,1535443352627591205
电商与分销,B2B电商中心,BBC订单,18,1535443352644368388
电商与分销,B2B电商中心,BBC退货申请单,11,1535443352644368389
电商与分销,B2B电商中心,渠道要货计划,14,1535443352644368390
电商与分销,B2B电商中心,B2B对账确认,5,1535443352644368404
电商与分销,B2B电商中心,B2B对账反馈,3,1535443352644368405
电商与分销,B2B电商中心,预付款提报单,8,1535443352644368406
电商与分销,B2B电商中心,B2B对账发布,10,1535443352644368407
电商与分销,B2B电商中心,销售开单退货,5,1535443352644368408
电商与分销,B2B电商中心,销量上报单,4,1535443352644368409
电商与分销,B2B电商中心,销售开单,4,1535443352644368410
电商与分销,B2B电商中心,库存上报单,3,1535443352644368411
电商与分销,渠道资金池管理,账户,9,1535443352644368413
电商与分销,渠道资金池管理,账户扣款顺序,8,1535443352644368414
电商与分销,渠道资金池管理,账户调入单,10,1535443352644368415
电商与分销,渠道资金池管理,账户间调整单,9,1535443352644368416
电商与分销,渠道资金池管理,账户调出单,10,1535443352644368417
电商与分销,渠道资金池管理,账户使用规则,11,1535443352644368418
电商与分销,渠道资金池管理,账户类型,11,1535443352644368419
电商与分销,B2C电商中心,B2C订单,12,1535443352644368422
电商与分销,B2C电商中心,网上分销商,12,1535443352661145605
电商与分销,B2C电商中心,物流方式,5,1535443352661145619
电商与分销,B2C电商中心,网店管理,12,1535443352661145621
电商与分销,B2C电商中心,地址,12,1535443352661145622
电商与分销,B2C电商中心,套件清单,12,1535443352661145624
电商与分销,B2C电商中心,物流公司,12,1535443352661145626
电商与分销,要补货管理,配送单,16,1535443352661145629
电商与分销,要补货管理,要货申请单,13,1535443352661145633
电商与分销,要补货管理,补货单,16,1535443352677922819
电商与分销,促销管理,促销申请单,13,1535443352677922825
电商与分销,促销管理,促销模式,7,1535443352677922827
电商与分销,促销管理,促销政策,14,1535443352677922828
电商与分销,促销管理,促销类型,7,1535443352677922829
电商与分销,促销管理,促销方式,7,1535443352677922830
电商与分销,返利管理,返利账户,12,1535443352677922832
电商与分销,返利管理,返利余额,12,1535443352677922833
电商与分销,返利管理,返利依据来源单据,15,1535443352677922836
电商与分销,返利管理,返利政策,10,1535443352677922839
电商与分销,返利管理,返利结算单,13,1535443352677922841
电商与分销,营销费用管理,营销费用报销单,9,1535443352677922847
电商与分销,营销费用管理,营销费用申请单,7,1535443352677922848
电商与分销,营销费用管理,助销品申请单,10,1535443352677922849
电商与分销,营销费用管理,营销费用项目,6,1535443352677922850
电商与分销,全网会员,会员档案,12,1535443352677922852
电商与分销,全网会员,会员等级,8,1535443352677922853
电商与分销,全网会员,会员种类,8,1535443352677922854
电商与分销,全网会员,全网会员,4,1535443352694700033
电商与分销,全网会员,会员积分奖励单,10,1535443352694700034
电商与分销,全网会员,会员积分兑换规则,12,1535443352694700035
电商与分销,全网会员,会员积分兑换单,8,1535443352694700036
电商与分销,全网会员,会员积分规则,12,1535443352694700037
电商与分销,全网会员,营销券,12,1535443352694700038
电商与分销,全网会员,营销券发放,1,1535443352694700039
电商与分销,全网会员,会员预存款规则,12,1535443352694700040
电商与分销,全网会员,会员账户,4,1535443352694700041
电商与分销,全网会员,会员卡,5,1535443352694700042
电商与分销,全网会员,会员特权,12,1535443352694700043
电商与分销,全网会员,会员预存单,10,1535443352694700044
零售管理,会员管理,卡账户退款单,4,1535443352728254480
零售管理,会员管理,礼券赠送规则,1,1535443352728254483
零售管理,会员管理,会员标签定义,1,1535443352728254484
零售管理,会员管理,会员营销配置,1,1535443352728254485
零售管理,会员管理,卡套餐调整单,4,1535443352728254487
零售管理,会员管理,积分特别策略管理,1,1535443352728254488
零售管理,会员管理,会员卡账户,1,1535443352728254490
零售管理,会员管理,卡流水账,2,1535443352728254491
零售管理,会员管理,卡金额充值单,4,1535443352728254492
零售管理,会员管理,批量卡发行单,4,1535443352728254494
零售管理,会员管理,卡资料,1,1535443352728254495
零售管理,会员管理,会员发卡门店调整单,4,1535443352728254496
零售管理,会员管理,会员发卡登记,4,1535443352728254497
零售管理,会员管理,会员卡级别,1,1535443352728254498
零售管理,会员管理,卡级别调整单,4,1535443352728254499
零售管理,会员管理,卡回收单,4,1535443352745031680
零售管理,会员管理,会员卡类型,1,1535443352745031681
零售管理,会员管理,卡金额调整单,4,1535443352745031682
零售管理,会员管理,卡积分调整单,4,1535443352745031683
零售管理,会员管理,卡有效期调整单,4,1535443352745031684
零售管理,会员管理,储值消费扣减单,4,1535443352745031685
零售管理,会员管理,挂账流水账,1,1535443352745031686
零售管理,会员管理,挂账余额单,2,1535443352745031687
零售管理,会员管理,卡天数调整单,4,1535443352745031688
零售管理,会员管理,卡天数扣减单,4,1535443352745031689
零售管理,会员管理,卡次数调整单,4,1535443352745031692
零售管理,会员管理,会员积分抵扣金额配置,1,1535443352745031693
零售管理,会员管理,会员降级规则,1,1535443352745031694
零售管理,会员管理,会员升级规则,1,1535443352745031695
零售管理,会员管理,制卡单,4,1535443352745031697
零售管理,会员管理,会员卡账户合并单,4,1535443352745031702
零售管理,会员管理,会员资料,4,1535443352745031704
零售管理,会员管理,会员老带新积分规则,1,1535443352745031706
零售管理,会员管理,卡套餐充值单,4,1535443352745031709
零售管理,会员管理,会员积分规则,1,1535443352745031710
零售管理,会员管理,积分清零规则,1,1535443352745031711
零售管理,会员管理,积分兑换单,4,1535443352745031712
零售管理,会员管理,积分赠送单,4,1535443352745031713
零售管理,会员管理,积分兑换方案,1,1535443352745031714
零售管理,会员管理,积分返利单,4,1535443352745031715
零售管理,会员管理,积分返利规则,1,1535443352761808896
零售管理,会员管理,积分扣减单,4,1535443352761808897
零售管理,会员管理,换卡单,4,1535443352761808898
零售管理,会员管理,退卡单,4,1535443352761808899
零售管理,会员管理,会员充值政策,1,1535443352761808903
零售管理,礼券管理,礼券包,4,1535443352761808905
零售管理,礼券管理,礼券费用承担对照表,1,1535443352761808908
零售管理,礼券管理,礼券资料,2,1535443352761808909
零售管理,礼券管理,礼券发售单,4,1535443352761808910
零售管理,礼券管理,门店领券单,4,1535443352761808911
零售管理,礼券管理,礼券回收单,4,1535443352761808912
零售管理,礼券管理,礼券类型,1,1535443352761808913
零售管理,礼券管理,礼券流水记录,2,1535443352761808914
零售管理,礼券管理,礼券派发方案,1,1535443352761808916
零售管理,礼券管理,第三方卡券核销记录,1,1535443352761808920
零售管理,门店协同,门店智能配货平台,1,1535443352761808924
零售管理,门店协同,门店销售计划单,4,1535443352761808925
零售管理,门店协同,门店销量预测单,4,1535443352761808926
零售管理,门店协同,挂账调整单,4,1535443352761808927
零售管理,门店协同,挂账还款单,4,1535443352761808928
零售管理,门店协同,门店导购单,1,1535443352761808932
零售管理,门店协同,条形码标签打印单,2,1535443352761808933
零售管理,门店协同,门店库存盘点记录单,4,1535443352761808936
零售管理,门店协同,备用金单,4,1535443352778586112
零售管理,门店协同,门店客诉登记表,4,1535443352778586113
零售管理,门店协同,预订单,4,1535443352778586118
零售管理,门店协同,门店缴款单,4,1535443352778586120
零售管理,门店协同,门店外借单,4,1535443352778586122
零售管理,门店协同,门店商品加工单,1,1535443352778586123
零售管理,门店协同,零售单,4,1535443352778586124
零售管理,门店协同,归档零售单,1,1535443352778586125
零售管理,门店协同,客户销售发票申请单,4,1535443352778586127
零售管理,门店协同,交班单,4,1535443352778586131
零售管理,门店协同,门店盘点单,4,1535443352778586135
零售管理,门店协同,门店配货单,4,1535443352778586137
零售管理,门店协同,销售付款调整单,4,1535443352778586138
零售管理,门店协同,门店智能要货平台,1,1535443352778586140
零售管理,门店协同,门店收货单,4,1535443352778586145
零售管理,门店协同,门店要货单,4,1535443352778586146
零售管理,门店协同,门店销售员计划单,4,1535443352778586154
零售管理,门店协同,自定义API,2,1268612040924917760
生产制造,工程数据管理,基本活动,15,1535443352795363332
生产制造,工程数据管理,物料清单,17,1535443352795363333
生产制造,工程数据管理,工程变更单,13,1535443352795363336
生产制造,工程数据管理,工程变更申请单,13,1535443352795363337
生产制造,工程数据管理,设备,14,1535443352795363338
生产制造,工程数据管理,设备类别,17,1535443352795363339
生产制造,工程数据管理,柔性产线与物料关系,12,1535443352795363340
生产制造,工程数据管理,车间公式,12,1535443352795363344
生产制造,工程数据管理,标签模板,14,1535443352795363346
生产制造,工程数据管理,物料阶梯损耗,12,1535443352795363347
生产制造,工程数据管理,模型配置清单,2,1535443352795363349
生产制造,工程数据管理,模型规则,12,1535443352795363350
生产制造,工程数据管理,建模变量,15,1535443352795363351
生产制造,工程数据管理,工装,17,1535443352795363352
生产制造,工程数据管理,模具产品组合,14,1535443352795363353
生产制造,工程数据管理,工序控制码,12,1535443352795363354
生产制造,工程数据管理,作业,14,1535443352795363355
生产制造,工程数据管理,资源,14,1535443352795363359
生产制造,工程数据管理,工艺路线,17,1535443352795363360
生产制造,工程数据管理,班制,12,1535443352795363362
生产制造,工程数据管理,班次,12,1535443352795363363
生产制造,工程数据管理,替代方案,14,1535443352795363364
生产制造,工程数据管理,技术文档,15,1535443352795363365
生产制造,工程数据管理,临时日历,10,1535443352795363366
生产制造,工程数据管理,工作日历,12,1535443352795363367
生产制造,工程数据管理,工作日历设置,1,1535443352795363368
生产制造,工程数据管理,工作中心,17,1535443352795363370
生产制造,计划管理,净需求拆分,12,1535443352795363377
生产制造,计划管理,预测单变更单,9,1535443352795363378
生产制造,计划管理,预测单,15,1535443352795363379
生产制造,计划管理,库存预留关系查询,1,1535443352795363380
生产制造,计划管理,制造策略,12,1535443352795363381
生产制造,计划管理,MRP运算结果明细表,1,1535443352795363384
生产制造,计划管理,MRP运算结果汇总表,1,1535443352795363385
生产制造,计划管理,MTO库存调整,2,1535443352795363386
生产制造,计划管理,MTO库存释放,6,1535443352795363387
生产制造,计划管理,物料替代建议表,1,1535443352795363388
生产制造,计划管理,物料供需明细表,1,1535443352795363389
生产制造,计划管理,MRP例外信息查询表,1,1535443352795363390
生产制造,计划管理,物料供需汇总表,1,1535443352795363391
生产制造,计划管理,计划区,12,1535443352795363392
生产制造,计划管理,计划订单,16,1535443352795363393
生产制造,计划管理,计划方案,12,1535443352795363394
生产制造,计划管理,优先级计算参数,12,1535443352795363395
生产制造,计划管理,组织间需求单,13,1535443352795363396
生产制造,计划管理,预留单,12,1535443352795363397
生产制造,计划管理,供应来源,12,1535443352795363400
生产制造,计划管理,预测冲销方案,12,1535443352795363403
生产制造,生产管理,生产补料单,13,1535443352795363408
生产制造,生产管理,生产入库单,13,1535443352795363409
生产制造,生产管理,缺料分析单,1,1535443352795363412
生产制造,生产管理,生产齐套分析单,5,1535443352812140544
生产制造,生产管理,生产订单,24,1535443352812140546
生产制造,生产管理,生产订单变更单,8,1535443352812140547
生产制造,生产管理,生产订单执行明细表,1,1535443352812140548
生产制造,生产管理,生产订单执行汇总表,1,1535443352812140549
生产制造,生产管理,生产订单领料明细表,1,1535443352812140551
生产制造,生产管理,生产领料差异汇总表,1,1535443352812140552
生产制造,生产管理,生产领料异常表,1,1535443352812140553
生产制造,生产管理,生产订单领料汇总表,1,1535443352812140554
生产制造,生产管理,生产汇报单,13,1535443352812140555
生产制造,生产管理,生产领料单,13,1535443352812140557
生产制造,生产管理,生产用料清单,6,1535443352812140560
生产制造,生产管理,生产用料清单变更单,9,1535443352812140561
生产制造,生产管理,生产备料单,6,1535443352812140562
生产制造,生产管理,汇报类型,12,1535443352812140563
生产制造,生产管理,生产退库单,11,1535443352812140564
生产制造,生产管理,生产退料单,12,1535443352812140565
生产制造,生产管理,班组,12,1535443352812140566
生产制造,生产管理,简单生产入库单,11,1535443352812140567
生产制造,生产管理,简单生产退库单,12,1535443352812140568
生产制造,生产管理,简单生产领料单,13,1535443352812140569
生产制造,生产管理,简单生产退料单,12,1535443352812140570
生产制造,委外管理,委外超耗单,13,1535443352812140573
生产制造,委外管理,委外补料单,13,1535443352812140574
生产制造,委外管理,委外领料单,13,1535443352812140577
生产制造,委外管理,委外用料清单,5,1535443352812140580
生产制造,委外管理,委外用料清单变更单,10,1535443352812140581
生产制造,委外管理,委外齐套分析,6,1535443352812140582
生产制造,委外管理,委外订单变更单,9,1535443352812140583
生产制造,委外管理,委外退料单,13,1535443352828917760
生产制造,委外管理,委外订单,22,1535443352828917766
生产制造,委外管理,委外仓库,12,1535443352828917767
生产制造,日排产,产线日产量,12,1535443352828917769
生产制造,日排产,供应商产线日产量,12,1535443352828917770
生产制造,车间管理,生产异常原因,17,1535443352828917791
生产制造,车间管理,现场异常处理单,10,1535443352828917792
生产制造,车间管理,生产事件管理,17,1535443352828917794
生产制造,车间管理,站位表,12,1535443352828917795
生产制造,车间管理,看板定义,12,1535443352828917796
生产制造,车间管理,看板方案,12,1535443352828917797
生产制造,车间管理,三色灯控制指令,14,1535443352845694976
生产制造,车间管理,设备联网工程配置,12,1535443352845694980
生产制造,车间管理,设备联网方案,12,1535443352845694981
生产制造,车间管理,离散工序产量日汇总表,1,1535443352845694982
生产制造,车间管理,离散工序在制品统计表,1,1535443352845694983
生产制造,车间管理,派工明细,6,1535443352845694984
生产制造,车间管理,设备联网任务实时表,1,1535443352845694985
生产制造,车间管理,设备联网任务历史表,1,1535443352845694986
生产制造,车间管理,设备自动补录事件规则,12,1535443352845694989
生产制造,车间管理,设备停机原因分析表,1,1535443352845694991
生产制造,车间管理,飞达明细,12,1535443352845694992
生产制造,车间管理,飞达规格型号,11,1535443352845694993
生产制造,车间管理,柔性产线产量日汇总表,1,1535443352845694996
生产制造,车间管理,柔性产线在制品统计表,1,1535443352845694997
生产制造,车间管理,工序投入物料,2,1535443352845695000
生产制造,车间管理,过程控制检测项目,17,1535443352845695001
生产制造,车间管理,检测结果记录,12,1535443352845695002
生产制造,车间管理,工序过程检测打印,1,1535443352845695003
生产制造,车间管理,上下料流水表,1,1535443352845695005
生产制造,车间管理,日志清除控制,12,1535443352845695006
生产制造,车间管理,人员工时分析表,1,1535443352845695007
生产制造,车间管理,生产订单工序进度表,1,1535443352845695011
生产制造,车间管理,生产订单工时对比分析表,1,1535443352845695012
生产制造,车间管理,消息处理器定义,12,1535443352845695013
生产制造,车间管理,委外工序进度表,1,1535443352862472194
生产制造,车间管理,工序计划,13,1535443352862472195
生产制造,车间管理,工序不良品明细,11,1535443352862472196
生产制造,车间管理,工序汇报,11,1535443352862472197
生产制造,车间管理,工序汇报汇总表,1,1535443352862472198
生产制造,车间管理,工序转移单,10,1535443352862472199
生产制造,车间管理,工序在制盘点单,11,1535443352862472200
生产制造,车间管理,工序委外集中接收,14,1535443352862472201
生产制造,车间管理,工序委外集中发出,14,1535443352862472202
生产制造,车间管理,工序加工结算单,13,1535443352862472203
生产制造,车间管理,工序不良品原因分析表,1,1535443352862472204
生产制造,车间管理,零件位置号,11,1535443352862472205
生产制造,车间管理,生产SMT上料表,12,1535443352862472206
生产制造,车间管理,预防措施跟踪单,12,1535443352862472207
生产制造,车间管理,过程控制检测方案基础资料,14,1535443352862472208
生产制造,车间管理,生产过程记录,12,1535443352862472209
生产制造,车间管理,资源利用率分析表,1,1535443352862472210
生产制造,车间管理,工序委外转移报表,1,1535443352862472211
生产制造,车间管理,工序汇报缺陷分析表,1,1535443352862472213
生产制造,车间管理,排程模型,12,1535443352862472215
生产制造,车间管理,车间工时分析表,1,1535443352862472216
生产制造,车间管理,工位上料剩余数量,1,1535443352862472217
生产制造,车间管理,辅助工时,12,1535443352862472219
生产制造,车间管理,人员任务工时统计表,1,1535443352862472220
生产制造,车间管理,自定义API,10,1136939377769568256
质量管理,质量管理,物料来源质检规则,14,1535443352862472224
质量管理,质量管理,不良品处理单,15,1535443352862472225
质量管理,质量管理,不良品处理统计表,1,1535443352862472226
质量管理,质量管理,缺陷原因,12,1535443352862472227
质量管理,质量管理,缺陷原因分析表,1,1535443352862472228
质量管理,质量管理,缺陷后果,12,1535443352862472229
质量管理,质量管理,缺陷类型,15,1535443352862472230
质量管理,质量管理,检验项目对应检测值,7,1535443352862472231
质量管理,质量管理,检验依据,12,1535443352879249408
质量管理,质量管理,检验单,17,1535443352879249409
质量管理,质量管理,检验仪器,12,1535443352879249410
质量管理,质量管理,检验项目,15,1535443352879249411
质量管理,质量管理,检验方法,12,1535443352879249412
质量管理,质量管理,检测值,12,1535443352879249413
质量管理,质量管理,库存检验质量统计表,1,1535443352879249414
质量管理,质量管理,MRB评审单,13,1535443352879249415
质量管理,质量管理,其他检验质量统计表,1,1535443352879249416
质量管理,质量管理,其他请检单,13,1535443352879249417
质量管理,质量管理,工序检验质量统计表,1,1535443352879249419
质量管理,质量管理,质检方案,12,1535443352879249420
质量管理,质量管理,质量标准,12,1535443352879249422
质量管理,质量管理,生产退料请检单,12,1535443352879249423
质量管理,质量管理,销售发货质量统计表,1,1535443352879249425
质量管理,质量管理,销售退货质量统计表,1,1535443352879249426
质量管理,质量管理,抽样方案,12,1535443352879249427
质量管理,质量管理,库存请检单,13,1535443352879249428
质量管理,质量管理,库存检验控制码,12,1535443352879249430
质量管理,质量管理,宽严度转换规则,12,1535443352879249431
质量管理,质量管理,委外退料请检单,11,1535443352879249432
质量管理,质量管理,供应商质量统计表,1,1535443352879249433
质量管理,质量管理,物料待检明细表,1,1535443352879249434
质量管理,质量管理,生产车间质量统计表,1,1535443352879249435
质量管理,质量追溯,批号序列号关系,12,1535443352879249437
星空云服务,数据智能服务,预测偏差分析表,1,1535443352912803845
基础管理,基础资料,薪资项,6,1535443352912803866
基础管理,基础资料,预置基础资料5,1,1535443352912803869
基础管理,基础资料,预置基础资料4,1,1535443352912803870
基础管理,基础资料,预置基础资料1,1,1535443352912803871
基础管理,基础资料,预置基础资料3,1,1535443352912803872
基础管理,基础资料,预置基础资料2,1,1535443352912803873
基础管理,基础资料,会计政策,11,1535443352912803876
基础管理,基础资料,辅助属性值组合,6,1535443352929581056
基础管理,基础资料,辅助属性值,6,1535443352929581057
基础管理,基础资料,银行,12,1535443352929581058
基础管理,基础资料,联系对象,2,1535443352929581059
基础管理,基础资料,客户,17,1535443352929581060
基础管理,基础资料,客户(包含非交易客户),15,1535443352929581061
基础管理,基础资料,部门,17,1535443352929581062
基础管理,基础资料,员工,13,1535443352929581063
基础管理,基础资料,快递100物流公司,4,1535443352929581064
基础管理,基础资料,物料,17,1535443352929581065
基础管理,基础资料,存货类别,12,1535443352929581066
基础管理,基础资料,物料模板,12,1535443352929581067
基础管理,基础资料,物料单位换算,12,1535443352929581068
基础管理,基础资料,员工任岗信息,12,1535443352929581069
基础管理,基础资料,业务员,6,1535443352929581070
基础管理,基础资料,业务组,6,1535443352929581071
基础管理,基础资料,付款条件,12,1535443352929581072
基础管理,基础资料,收款条件,12,1535443352929581074
基础管理,基础资料,供应商,17,1535443352929581077
基础管理,基础资料,税组合,12,1535443352929581078
基础管理,基础资料,税率,12,1535443352929581079
基础管理,基础资料,税务规则,12,1535443352929581080
基础管理,基础资料,税收制度,12,1535443352929581081
基础管理,基础资料,税种,12,1535443352929581082
基础管理,基础资料,计量单位,14,1535443352929581083
基础管理,基础资料,银行账号,12,1535443352929581084
基础管理,基础资料,现金账号,12,1535443352929581085
基础管理,基础资料,内部账户,12,1535443352929581086
基础管理,基础资料,其他往来单位,12,1535443352929581087
基础管理,基础资料,岗位信息,12,1535443352929581088
基础管理,安全管理,智能创建用户日志,2,1535443352929581090
基础管理,安全管理,上机操作日志,1,1535443352929581092
基础管理,安全管理,岗位角色映射,8,1535443352929581093
基础管理,安全管理,角色许可映射关系,8,1535443352929581094
基础管理,安全管理,自动分配许可例外用户,6,1535443352929581095
基础管理,安全管理,岗位体系数据规则,6,1535443352929581096
基础管理,安全管理,动态密码卡,6,1535443352946358273
基础管理,安全管理,用户字段权限报表,1,1535443352946358274
基础管理,安全管理,用户业务对象权限报表,1,1535443352946358275
基础管理,安全管理,角色,7,1535443352946358276
基础管理,安全管理,权限项,8,1535443352946358277
基础管理,安全管理,权限对象,7,1535443352946358278
基础管理,安全管理,岗位规则业务对象,4,1535443352946358279
基础管理,安全管理,角色字段权限报表,1,1535443352946358280
基础管理,安全管理,角色业务对象权限报表,1,1535443352946358282
基础管理,安全管理,角色子系统权限报表,1,1535443352946358283
基础管理,安全管理,用户子系统权限报表,1,1535443352946358285
基础管理,安全管理,用户,9,1535443352946358286
基础管理,安全管理,用户所属组织角色报表,1,1535443352946358287
基础管理,安全管理,用户每日在线时长,1,1535443352946358288
基础管理,安全管理,用户在线时长明细,1,1535443352946358290
基础管理,安全管理,用户在线时长汇总,1,1535443352946358291
基础管理,安全管理,用户权限报表,1,1535443352946358292
基础管理,安全管理,用户角色许可报表,1,1535443352946358293
基础管理,安全管理,用户未登录情况,1,1535443352946358294
基础管理,安全管理,云之家用户映射,5,1535443352946358295
基础管理,安全管理,自定义API,58,1148254099039059968
基础管理,消息平台,消息配置,9,1535443352946358300
基础管理,消息平台,消息来源,10,1535443352946358301
基础管理,消息平台,消息模板,12,1535443352946358302
基础管理,组织管理,组织机构,12,1535443352963135490
基础管理,移动平台,自定义API,7,1191757391991697408
基础管理,业务监控预警,预警规则,12,1535443352963135504
基础管理,业务监控预警,预警方案最新执行情况,3,1535443352963135505
基础管理,业务监控预警,预警方案,12,1535443352963135506
基础管理,业务监控预警,业务监控异常提醒,3,1535443352963135507
基础管理,业务监控预警,监控执行情况,3,1535443352963135508
基础管理,业务监控预警,监控对象,11,1535443352963135509
基础管理,业务监控预警,监控方案,5,1535443352963135510
BOS,应用框架,辅助资料,13,1535443352979912712
移动应用,公共管理,自定义API,20,1148255927403282432
PLM,工作中心,发布单,3,1535510493401856013
PLM,项目管理,检查项,2,1535510493401856027
PLM,项目管理,文档命名规则,1,1535510493418633229
PLM,文档管理,研发文档,1,1535510493435410435
PLM,研发物料管理,申请单,3,1535510493435410457
PLM,超级BOM管理,产品参数,10,1535510493452187659
PLM,超级BOM管理,公式,10,1535510493452187661
PLM,设计BOM管理,PLM替代方案,6,1535510493452187674
PLM,设计BOM管理,BOM批量修改,1,1535510493452187676
PLM,设计BOM管理,替代方案同步至PLM（PLM版）,1,1535510493468964869
PLM,设计工艺管理,工序控制码,8,1535510493468964886
PLM,设计工艺管理,设备,8,1535510493468964889
PLM,设计工艺管理,作业,8,1535510493468964890
PLM,设计工艺管理,基本活动,8,1535510493468964899
PLM,设计工艺管理,资源,8,1535510493468964900
PLM,TR管理,英文要素,8,1535510493485742081
PLM,TR管理,质量目标,8,1535510493485742082
PLM,TR管理,评审要素,8,1535510493485742083
PLM,TR管理,TR报告,1,1535510493485742084
PLM,TR管理,TR,8,1535510493485742086
PLM,TR管理,后续活动,8,1535510493485742089
PLM,TR管理,要求大类,8,1535510493485742090
PLM,TR管理,要求小类,8,1535510493485742091
PLM,TR管理,TR裁剪模板,3,1535510493485742092
PLM,TR管理,TR评审,6,1535510493485742093
PLM,系统建模,PDM全局对象模板（勿动）,4,1535510493485742103
PLM,系统建模,操作对象,1,1535510493485742109
PLM,系统建模,文件夹,4,1535510493485742115
PLM,系统建模,下推首选组织配置,1,1535510493485742125
PLM,系统建模,版本序列,3,1535510493485742127
PLM,系统建模,生命周期模板,3,1535510493485742131
PLM,系统建模,文件夹初始化,3,1535510493485742137
PLM,系统建模,消息通知,2,1535510493502519301
PLM,系统建模,EDA数据同步配置,2,1535510493502519308
PLM,系统建模,PDM基础对象,3,1535510493519296514
PLM,系统建模,自动匹配规则列表,3,1535510493536073730
PLM,系统建模,编码规则,8,1535510493536073731
PLM,系统建模,完整性检查规则,2,1535510493536073749
PLM,系统建模,PLM管理员,1,1535510493552850948
PLM,系统建模,文件类型,2,1535510493552850952
PLM,系统建模,时间轴,2,1535510493552850961
PLM,系统建模,PLM流程模板单据(勿动),6,1535510493552850964
PLM,系统建模,申请单物料字段分组,3,1535510493569628160
PLM,系统建模,物料优选配置,1,1535510493569628167
PLM,系统建模,多组织系统消息通知,2,1535510493569628172
PLM,业务模型(勿动),业务类型_9(Autocad子),3,1535510493569628179
PLM,业务模型(勿动),业务类型_C(业务类型C),2,1535510493569628182
PLM,业务模型(勿动),业务类型_A(业务类型A),5,1535510493586405378
PLM,业务模型(勿动),业务类型_AD(AD),2,1535510493586405385
PLM,业务模型(勿动),业务类型_EBOM2(EBOM2),2,1535510493586405386
PLM,业务模型(勿动),业务类型_8(Autocad父),3,1535510493586405389
PLM,业务模型(勿动),业务类型_B(业务类型B),2,1535510493586405392
PLM,业务模型(勿动),业务类型_7(AUTOCAD),2,1535510493586405396
PLM,业务模型(勿动),业务类型_12(子项目A),10,1535510493586405397
PLM,业务模型(勿动),业务类型_EBOM1(EBOM1),3,1535510493586405398
PLM,业务模型(勿动),业务类型_PBOM(PBOM),4,1535510493603182592
PLM,业务模型(勿动),业务类型_ECR(变更申请单),6,1535510493603182596
PLM,业务模型(勿动),业务类型_SBOM(超级BOM),8,1535510493603182597
PLM,业务模型(勿动),业务类型_ECN(变更单),10,1535510493603182605
PLM,业务模型(勿动),业务类型_EBOM(EBOM),33,1535510493603182607
PLM,业务模型(勿动),业务类型_Product(产品),17,1535510493619959809
PLM,业务模型(勿动),业务类型_Project(项目),3,1535510493619959811
PLM,业务模型(勿动),业务类型_Task(任务),6,1535510493619959812
PLM,业务模型(勿动),业务类型_ProcessPlan(工艺路线),2,1535510493619959813
PLM,业务模型(勿动),业务类型_ApplingForm(物料申请单),11,1535510493619959828
PLM,业务模型(勿动),业务类型_Document(文档),18,1535510493619959829
PLM,业务模型(勿动),业务类型_ProjectRequest(立项申请单),7,1535510493636737025
PLM,业务模型(勿动),业务类型_Material(物料),20,1535510493636737034
PLM,业务模型(勿动),业务类型_SBomRelation(超级BOM组),5,1535510493653514252
PLM,业务模型(勿动),业务类型_Process(工序),1,1535510493653514253